url,onContentLoad,onLoad,cacheTransferSize,_transferSize,totalTransferSize,cacheCount,pageEntries,cacheability,cacheOverTotal
https://roblox.com/,994.2859999984503,1286.2520000040531,0,2021007,,0,108,0.0,0.0
https://gmx.net/,10068.3939999789,10475.840999990702,1681273,1171775,,22,123,1.4348087303449895,0.5892901206008452
https://patch.com/,373.5590000003576,478.1799999922514,0,1133102,,0,70,0.0,0.0
https://w3school.com.cn/,2368.262999996543,2578.102999985218,20403,197385,,1,21,0.10336651721255415,0.09368284753980935
https://xero.com/,1075.024000003934,2384.021999999881,35808,3256555,,2,97,0.010995668735826664,0.010876078974280782
https://legit.ng/,1566.2700000107288,2273.6410000026226,20403,1602781,,1,304,0.012729749104837155,0.012569739475007146
https://faradars.org/,5433.093999996781,10811.151000007987,20403,2937003,,1,164,0.006946877480206864,0.0068989513107094525
https://jkforum.net/,1389.4560000002384,2525.0680000036955,202800,16692443,,5,156,0.01214921027437386,0.012003378702514075
https://ali213.net/,12477.191000014544,18317.327000007033,0,4586678,,0,144,0.0,0.0
https://canadiantire.ca/,310.7740000039339,304.6979999989271,0,2114,,0,2,0.0,0.0
https://weather.gov/,350.3060000091791,1224.3640000224113,0,939091,,0,56,0.0,0.0
https://fao.org/,896.7960000038147,1884.8680000007153,87481,9960325,,5,210,0.008782946339602372,0.008706477812171135
https://coolors.co/,712.4750000089407,748.272000014782,20403,2419205,,1,48,0.0084337623310137,0.008363228846601586
https://easyhindityping.com/,483.0789999961853,483.3509999960661,251686,1796219,,23,224,0.1401198851587696,0.1228992555807032
https://easyhits4u.com/,1038.3969999998808,1679.699999988079,349213,2549517,,5,64,0.13697221865945589,0.12047103386655536
https://espn.com.mx/,1116.261000007391,2066.252000004053,412269,4287529,,10,249,0.09615538460497877,0.08772057862912407
https://techsmith.com/,493.0020000040531,1436.9799999892712,77790,1943746,,4,120,0.04002066113576568,0.038480640463489146
https://worldofwarcraft.com/,491.6810000091791,1452.9539999961853,142012,4421578,,8,112,0.03211794522227133,0.031118483474632908
https://blackmagicdesign.com/,810.3809999972582,5460.095999985933,35322,4072230,,2,94,0.008673871564228936,0.008599282492345806
https://dnaindia.com/,1719.3519999980927,4183.45000000298,728001,3357187,,24,507,0.21684851037490613,0.17820501773724978
https://job592.com/,3837.9229999929667,5259.170000001788,0,382404,,0,21,0.0,0.0
https://akhbarona.com/,746.2469999939203,1343.8840000033379,777669,5183874,,43,395,0.150016956430654,0.13044760391730797
https://nhk.jp/,1743.4200000166893,4055.3270000070333,0,3434234,,0,80,0.0,0.0
https://juspay.in/,195.45800000429153,249.61900001764297,29511,1571099,,10,89,0.01878366671992026,0.018437345761928264
https://galatta.com/,957.9439999908209,7079.482000008225,5122738,11742079,,385,998,0.43627180501851504,0.3037529550424413
https://utexas.edu/,358.363999992609,1927.4949999898672,20403,2760262,,1,68,0.00739168962946271,0.007337453450883152
https://fanpage.it/,481.86500000953674,1714.959000006318,452259,1763580,,12,204,0.25644371108767394,0.20410282516013123
https://oldharper.xyz/,722.5980000048876,722.4270000010729,0,21534,,0,3,0.0,0.0
https://sushi.com/,276.29199999570847,410.15800000727177,0,2059993,,0,28,0.0,0.0
https://im.center/,414.4979999959469,494.1359999924898,0,701014,,0,14,0.0,0.0
https://ucsd.edu/,1170.0400000065565,1570.0189999938011,46740,6654952,,2,63,0.0070233414155353785,0.0069743581173232075
https://mangarockteam.com/,1274.7660000026226,1285.2710000127554,20403,544468,,1,50,0.03747327666639729,0.03611975123523778
https://aragontelevision.es/,1522.6200000047684,3366.5209999978542,270121,8489629,,18,173,0.03181776259009669,0.03083661063386512
https://clustrmaps.com/,886.6939999908209,970.7009999901056,20403,2488269,,1,81,0.008199676160415132,0.00813298829021889
https://tunisia-sat.com/,1262.218000009656,1305.4780000001192,0,920417,,0,53,0.0,0.0
https://rawpixel.com/,240.27000001072884,439.49000000953674,972,2212470,,1,72,0.00043932799088801204,0.00043913506656149113
https://dudasbecasmec.com/,2413.1290000081062,2857.5569999963045,268396,1429624,,8,112,0.18773887399763853,0.15806409818494482
https://boston.com/,412.7339999973774,899.2869999855757,601147,2775345,,28,340,0.21660262057509969,0.17803892323749027
https://msnbc.com/,2310.280000001192,3035.867999985814,473175,4477080,,16,337,0.10568830577072556,0.09558598496441092
https://china.com/,8862.559000000358,10799.341000005603,202889,7134220,,7,138,0.02843884825531032,0.02765244458001101
https://hometax.go.kr/,7850.383000001311,7850.1220000088215,1847,1710132,,3,102,0.001080033588050513,0.0010788683739695404
https://edraak.org/,1259.0909999907017,1588.6209999918938,235686,3682757,,5,85,0.06399716299500618,0.0601478699575316
https://dns.la/,13180.922000005841,25991.730000004172,0,846002,,0,58,0.0,0.0
https://mmybt.com/,4145.781000003219,11846.487000003457,4284,1611872,,4,137,0.002657779277759028,0.0026507342113013845
https://codeforces.com/,1332.5590000003576,1536.7920000106096,84672,640433,,2,99,0.13221055129888684,0.11677205370256721
https://wikiru.jp/,1922.537000015378,6681.282000005245,50204,4110981,,2,120,0.012212170282470292,0.012064832493628618
https://zeebiz.com/,2070.7580000013113,3638.7170000076294,429257,3794707,,22,373,0.11311993257977493,0.10162420891844721
https://aladtec.com/,610.733000010252,1443.0810000002384,46740,1827564,,2,61,0.025575027741846522,0.024937256709690638
https://roblox.com/,7890.510000005364,10994.454999998212,0,4041038,,0,216,0.0,0.0
https://gmx.net/,10889.153999984264,10972.635000005364,3658521,2361283,,59,260,1.5493784523074956,0.6077475279926058
https://patch.com/,24486.891999989748,24631.425999999046,0,2259667,,0,140,0.0,0.0
https://w3school.com.cn/,2976.9710000008345,3207.78900000453,40806,394811,,2,42,0.10335578289358706,0.09367403016870324
https://xero.com/,980.8690000027418,1878.1059999912977,71616,6511827,,4,194,0.010997835169761112,0.010878198535325664
https://legit.ng/,808.9750000089407,1366.651000007987,40806,2994867,,2,610,0.013625312910389677,0.013442159283954497
https://faradars.org/,6163.518999993801,13840.622000008821,40806,5909373,,2,327,0.006905301120778804,0.006857944945857931
https://jkforum.net/,1595.9699999839067,2432.6599999964237,497746,33533937,,12,312,0.01484305287506206,0.014625958992389533
https://ali213.net/,1914.4890000075102,2738.5160000026226,4455379,4675897,,135,289,0.9528394231096194,0.48792512678403327
https://canadiantire.ca/,324.6759999990463,319.0050000101328,0,4226,,0,4,0.0,0.0
https://weather.gov/,722.5609999746084,844.5459999889135,0,1879061,,0,112,0.0,0.0
https://fao.org/,1104.3480000048876,2253.059000015259,204942,19989924,,10,414,0.010252265091152922,0.010148222820592124
https://coolors.co/,715.2489999979734,793.9140000194311,40806,4835700,,2,96,0.008438488739996277,0.008367876508303281
https://easyhindityping.com/,514.3450000137091,588.6740000098944,662997,3077721,,55,525,0.215418161685221,0.1772378992482192
https://easyhits4u.com/,439.86099998652935,958.4279999881983,698272,5100953,,10,128,0.13689049869700817,0.12040781311295906
https://espn.com.mx/,1371.350999996066,2235.91400000453,824339,8619248,,21,499,0.09563931795442016,0.08729087792594065
https://techsmith.com/,273.3550000041723,1256.470000013709,154996,3887619,,8,240,0.03986913326640291,0.038340529582955585
https://worldofwarcraft.com/,478.0789999961853,1473.567000001669,283446,8849583,,16,225,0.03202930578762864,0.031035267708007935
https://blackmagicdesign.com/,789.6780000030994,926.4620000123978,70644,8144287,,4,188,0.008674055813602836,0.008599463586486606
https://dnaindia.com/,1549.6629999876022,3066.302000001073,2120516,6093762,,108,1012,0.3479814275647785,0.25815001634958057
https://job592.com/,5456.726999998093,7224.548999994993,0,764815,,0,42,0.0,0.0
https://akhbarona.com/,688.2970000058413,1086.932999998331,1628727,8486357,,111,783,0.19192298886318357,0.16101962178465348
https://nhk.jp/,1450.634000018239,1651.6480000019073,0,6786583,,0,160,0.0,0.0
https://juspay.in/,239.08500000834465,372.0350000113249,59019,3143305,,20,178,0.018776097133431213,0.01843005267424533
https://galatta.com/,1085.2600000053644,1956.1899999976158,8569109,17605679,,639,1799,0.48672414168178346,0.32738026378666374
https://utexas.edu/,361.8859999924898,1272.628999993205,40806,5520882,,2,136,0.007391210317481881,0.007336981146730992
https://fanpage.it/,594.2400000095367,4427.0960000008345,930769,3455683,,25,406,0.2693444392902937,0.2121917668311428
https://oldharper.xyz/,875.6449999809265,875.477999985218,0,43052,,0,6,0.0,0.0
https://sushi.com/,306.12600000202656,386.598999992013,0,4119957,,0,56,0.0,0.0
https://im.center/,1264.199999988079,1390.598999992013,0,1402068,,0,28,0.0,0.0
https://ucsd.edu/,1096.8589999973774,3909.61400000751,93919,13310100,,4,126,0.007056220464158797,0.007006779086183032
https://mangarockteam.com/,1238.152999997139,1796.6749999821186,40806,1105181,,2,100,0.036922458855155854,0.03560773377010385
https://aragontelevision.es/,1449.8140000104904,3068.6500000059605,1247647,16987766,,41,347,0.07344385365327025,0.06841890556578016
https://clustrmaps.com/,736.4749999940395,1050.1130000054836,72468,4944853,,4,162,0.014655238487372628,0.014443564603500554
https://tunisia-sat.com/,1459.5999999940395,1460.4099999964237,0,1824853,,0,100,0.0,0.0
https://rawpixel.com/,242.2039999961853,537.733000010252,1933,4598763,,2,144,0.0004203304236378348,0.00042015382020459515
https://dudasbecasmec.com/,2076.197999998927,2687.8680000007153,687837,2660118,,18,222,0.2585738677757904,0.20544989403979444
https://boston.com/,526.03900000453,986.0640000104904,915053,5665077,,38,606,0.16152525376089327,0.1390630580246895
https://msnbc.com/,952.0059999972582,1578.0160000026226,873568,30882313,,28,867,0.028287000394044318,0.0275088573357483
https://china.com/,7382.078999996185,9687.368000000715,406088,13965397,,14,275,0.02907815653217735,0.028256509330803325
https://hometax.go.kr/,28470.180000007153,28469.993000015616,1847,2965955,,3,149,0.0006227336557702325,0.0006223460999082822
https://edraak.org/,1327.915999993682,1812.9479999989271,427710,7361500,,9,169,0.058100930516878355,0.0549105750133839
https://dns.la/,13333.630999982357,20626.559999987483,0,1692143,,0,116,0.0,0.0
https://mmybt.com/,3579.6410000026226,8905.405000001192,8568,3112196,,8,275,0.002753039975631355,0.0027454815551576474
https://codeforces.com/,1919.265000000596,2319.4020000100136,84672,1363692,,2,197,0.06209026671711794,0.058460442264513614
https://wikiru.jp/,2193.0660000145435,7274.546000003815,70607,8251045,,3,239,0.008557340312651306,0.008484733560115226
https://zeebiz.com/,2081.5740000009537,3169.0659999996424,1044556,5981887,,53,731,0.1746198147841977,0.14866070926640976
https://aladtec.com/,610.8980000168085,890.6580000072718,93474,3655925,,4,123,0.025567811155863426,0.02493039551138729
https://roblox.com/,1014.1489999890327,1242.6799999922514,0,5936565,,0,324,0.0,0.0
https://gmx.net/,10200.153999984264,10743.050999999046,5339794,3588899,,81,386,1.4878641053983408,0.5980487849677438
https://patch.com/,457.11200000345707,580.8310000002384,0,3392642,,0,210,0.0,0.0
https://w3school.com.cn/,2381.7939999997616,2607.720000013709,61209,592239,,3,63,0.10335185626073258,0.09367080471590701
https://xero.com/,1189.796000033617,2596.3770000189543,87021,9768850,,5,292,0.008908008619233585,0.008829356634233544
https://legit.ng/,1671.5590000152588,2416.5980000048876,40816,4557861,,3,901,0.008955077831465243,0.008875596176900443
https://faradars.org/,8251.319999977946,15955.175999984145,40816,8741503,,3,490,0.004669219927053735,0.004647519635759075
https://jkforum.net/,1834.5799999982119,2658.16400000453,770762,48229380,,18,468,0.015981171642679214,0.015729791150401157
https://ali213.net/,484.1669999808073,3803.462999984622,8165260,5003614,,262,434,1.6318724825695987,0.620042381755646
https://canadiantire.ca/,234.84000001847744,229.18200001120567,0,6342,,0,6,0.0,0.0
https://weather.gov/,379.8420000076294,558.3650000095367,0,2818185,,0,168,0.0,0.0
https://fao.org/,981.576000019908,2340.013000011444,405785,29954519,,17,612,0.013546703921368258,0.01336564350607293
https://coolors.co/,699.2329999953508,750.5290000140667,40816,7252096,,3,144,0.005628165981255626,0.005596667010379393
https://easyhindityping.com/,414.902999997139,481.42000000178814,946338,4395090,,83,790,0.2153170924827478,0.17716947602775887
https://easyhits4u.com/,392.2550000101328,898.6539999842644,1047667,7652339,,15,192,0.13690807477295505,0.12042141120362446
https://espn.com.mx/,1136.8530000001192,2238.1129999905825,1236867,12872443,,32,747,0.09608642275596016,0.08766318126116728
https://techsmith.com/,268.0380000025034,1395.1280000060797,211839,5949744,,12,361,0.0356047251780917,0.03438061290418388
https://worldofwarcraft.com/,503.9230000078678,6126.307999998331,407634,13254782,,25,339,0.030753730993086117,0.029836157821574165
https://blackmagicdesign.com/,871.5049999952316,1084.7040000110865,85573,12216636,,6,282,0.0070046287701458895,0.006955905236205953
https://dnaindia.com/,1513.347000002861,2112.458999991417,2999765,8830721,,144,1404,0.3396964981681564,0.2535622796899468
https://job592.com/,3744.690000027418,5204.455000028014,0,1147105,,0,63,0.0,0.0
https://akhbarona.com/,890.4890000224113,1446.1430000066757,2604518,11861762,,170,1136,0.21957260649809024,0.1800406185971791
https://nhk.jp/,1654.5900000184774,2208.5329999923706,0,9723716,,0,234,0.0,0.0
https://juspay.in/,257.2630000114441,510.0570000112057,88533,4715767,,30,267,0.018773828308311247,0.018427866702745457
https://galatta.com/,1239.3289999961853,2136.25799998641,12590792,32274289,,920,2656,0.3901183384706012,0.2806367829805099
https://utexas.edu/,385.10199999809265,1252.998000010848,40816,8281508,,3,204,0.004928570980067881,0.0049043993000032204
https://fanpage.it/,775.5850000083447,2703.322000026703,1387444,5226843,,38,613,0.26544589152572595,0.2097647108448726
https://oldharper.xyz/,805.7380000054836,805.5259999781847,0,64567,,0,9,0.0,0.0
https://sushi.com/,294.29299998283386,384.632999971509,0,6179909,,0,84,0.0,0.0
https://im.center/,576.8619999885559,646.332000002265,0,2103820,,0,42,0.0,0.0
https://ucsd.edu/,1521.7100000083447,2404.3740000128746,120266,19965113,,6,189,0.006023807628837362,0.0059877386431194555
https://mangarockteam.com/,1294.07800000906,1298.5400000214577,40816,1653494,,3,150,0.0246846979789464,0.024090042554196105
https://aragontelevision.es/,2616.2750000059605,4250.520999997854,1526674,25437618,,59,521,0.06001638989940017,0.05661836031148157
https://clustrmaps.com/,787.5809999853373,978.4969999790192,72478,7431259,,5,243,0.00975312527796434,0.009658920615154823
https://tunisia-sat.com/,1339.6890000253916,1584.5590000152588,0,2724842,,0,143,0.0,0.0
https://rawpixel.com/,268.1469999998808,567.9529999941587,2890,6984996,,3,216,0.0004137439735112232,0.0004135728602326941
https://dudasbecasmec.com/,3086.3819999992847,3396.798999994993,935793,4085280,,26,333,0.2290645928798026,0.18637311188265934
https://boston.com/,447.7830000221729,936.7459999918938,1364126,7593388,,54,847,0.1796465556613201,0.15228845860581408
https://msnbc.com/,906.4979999959469,1440.147999972105,1261742,58254844,,40,1249,0.021659005730064268,0.02119983831061815
https://china.com/,6804.335000008345,8559.407000005245,608756,19817830,,21,412,0.030717591179256255,0.029802141189917884
https://hometax.go.kr/,11075.546000003815,11075.333999991417,3696,4676098,,6,251,0.000790402596352771,0.0007897783534916281
https://edraak.org/,1208.8539999723434,1628.0249999761581,619662,11024603,,15,251,0.056207194036828355,0.053216068167462695
https://dns.la/,10900.531999975443,18429.647999972105,0,2538263,,0,174,0.0,0.0
https://mmybt.com/,3492.304000020027,9650.007000029087,12852,4524555,,12,412,0.0028405003364971805,0.002832454747832848
https://codeforces.com/,1254.177000015974,1473.8740000128746,84672,2089198,,2,296,0.04052847073374568,0.038949891207845914
https://wikiru.jp/,1969.1100000143051,6764.98400002718,70617,12391269,,4,358,0.005698932046427206,0.005666638260051488
https://zeebiz.com/,2210.951000005007,17670.391000002623,1459811,8371015,,81,1235,0.17438876886494648,0.14849321918626165
https://aladtec.com/,616.2879999876022,1112.9529999792576,119821,5476688,,6,183,0.021878368824369766,0.021409953955224586
https://roblox.com/,875.6950000226498,1016.7520000040531,0,7798058,,0,431,0.0,0.0
https://gmx.net/,10792.966000020504,15983.005000025034,7043359,4838994,,104,515,1.4555419990188043,0.5927579327091191
https://patch.com/,368.37099999189377,468.44500002264977,0,4525629,,0,280,0.0,0.0
https://w3school.com.cn/,2593.6279999911785,2821.0759999752045,81612,789645,,4,84,0.1033527724483787,0.09367155730169169
https://xero.com/,1322.08599999547,6481.481000036001,102426,13026413,,6,391,0.007862947382368424,0.007801603782329877
https://legit.ng/,769.8709999918938,1559.8599999845028,40826,6120375,,4,1198,0.006670506300676021,0.006626305488166999
https://faradars.org/,8278.3219999969,11959.155999988317,40826,11502738,,4,653,0.0035492419283130678,0.0035366893621415364
https://jkforum.net/,1468.0320000052452,2357.2080000042915,954048,63037663,,23,624,0.015134571216575717,0.014908930939508713
https://ali213.net/,2989.543000012636,7437.668000012636,11864956,5622080,,394,579,2.1104210541294326,0.6785001186021462
https://canadiantire.ca/,295.8930000066757,290.1810000240803,0,8453,,0,8,0.0,0.0
https://weather.gov/,380.8100000023842,566.3280000090599,0,3757015,,0,224,0.0,0.0
https://fao.org/,829.1689999997616,5995.550000011921,526797,39953606,,25,806,0.013185217874952264,0.01301363032378902
https://coolors.co/,788.4880000054836,838.6780000030994,40826,9669311,,4,192,0.0042222243136041445,0.004204472089322736
https://easyhindityping.com/,1074.8329999744892,2447.83599999547,1258886,5908248,,107,986,0.21307264014645289,0.1756470578058119
https://easyhits4u.com/,453.8899999856949,1117.4099999666214,1396880,10203723,,20,256,0.1368990514540624,0.12041443018091387
https://espn.com.mx/,1246.07800000906,2370.57800000906,1650502,17274546,,43,1009,0.0955453185281975,0.08721256611872266
https://techsmith.com/,420.5119999945164,1623.9289999902248,268911,8012159,,16,483,0.03356286364262117,0.03247297752585113
https://worldofwarcraft.com/,454.33300000429153,1455.380000025034,559061,17632762,,34,450,0.03170580990091059,0.03073144456165828
https://blackmagicdesign.com/,878.4250000119209,1028.3080000281334,100502,16288485,,8,376,0.006170125705367934,0.006132288713146212
https://dnaindia.com/,1576.5629999935627,3359.9790000021458,4102955,11667096,,188,1831,0.3516689157267584,0.26017385739589555
https://job592.com/,4429.863000005484,5834.001999974251,0,1529389,,0,84,0.0,0.0
https://akhbarona.com/,733.6410000026226,1212.319000005722,2894909,15121570,,183,1460,0.19144235684522176,0.1606811741628317
https://nhk.jp/,1597.5659999847412,3274.0329999923706,0,13019638,,0,313,0.0,0.0
https://juspay.in/,280.91200000047684,469.80599999427795,118041,6287454,,40,356,0.018774053853912887,0.018428084012242614
https://galatta.com/,1057.0730000138283,1991.8839999735355,15829049,34775130,,1121,3253,0.45518302879097794,0.312801221416911
https://utexas.edu/,373.28799998760223,2200.354999989271,40826,11042131,,4,272,0.003697293574944909,0.0036836739509140026
https://fanpage.it/,55.160000026226044,1040.1890000104904,3172518,5384080,,110,763,0.5892405016270189,0.3707686162187355
https://oldharper.xyz/,855.2239999771118,855.0539999902248,0,86095,,0,12,0.0,0.0
https://sushi.com/,292.1050000190735,350.61500000953674,0,8239888,,0,112,0.0,0.0
https://im.center/,394.3080000281334,483.9190000295639,0,2804820,,0,56,0.0,0.0
https://ucsd.edu/,1143.9679999947548,4036.990999996662,147638,26620298,,8,252,0.005546068642807831,0.005515479415372182
https://mangarockteam.com/,1191.0370000004768,1247.822999984026,40826,2195734,,4,199,0.018593326878392373,0.01825392567156705
https://aragontelevision.es/,1549.7089999616146,2973.1069999933243,3641218,33887084,,83,695,0.10745149981037024,0.09702591926487908
https://clustrmaps.com/,708.7639999985695,971.1789999902248,72488,9919533,,6,324,0.007307602081670579,0.007254588436113174
https://tunisia-sat.com/,1470.152999997139,1897.4970000088215,0,3635742,,0,190,0.0,0.0
https://rawpixel.com/,279.3169999718666,371.3139999806881,2890,9279476,,3,285,0.00031143999941376,0.0003113430347392033
https://dudasbecasmec.com/,2621.561000019312,2910.526000022888,1378976,5307740,,37,443,0.2598047379864123,0.2062261953401341
https://boston.com/,394.47400000691414,2339.407000005245,1769478,10192518,,70,1014,0.17360558009316246,0.14792497840661376
https://msnbc.com/,779.8170000016689,1454.46099999547,1763601,85857417,,61,1879,0.020541044229178244,0.02012760226090959
https://china.com/,3244.86700001359,3620.7450000047684,6514449,19862804,,135,549,0.32797227420660247,0.24697223020153009
https://hometax.go.kr/,8864.226999998093,8863.958000004292,5543,6386053,,9,353,0.0008679852797964564,0.0008672325347221571
https://edraak.org/,1233.3310000002384,1734.0069999992847,797687,14700597,,20,334,0.05426221805821899,0.05146937557732198
https://dns.la/,11019.522000014782,20520.431999981403,0,3384239,,0,232,0.0,0.0
https://mmybt.com/,3688.7790000140667,9075.53900000453,16065,6231974,,15,549,0.002577834888271357,0.0025712067418273156
https://codeforces.com/,845.6810000240803,1114.011000007391,84672,2815586,,2,395,0.03007260300342451,0.029194644062700628
https://wikiru.jp/,2340.2549999952316,9275.437000006437,70627,16531397,,5,477,0.004272294712902969,0.004254119859120792
https://zeebiz.com/,1947.9769999682903,3594.8359999656677,2095007,9963282,,107,1543,0.2102727795921063,0.17373998914771407
https://aladtec.com/,625.0469999611378,1077.7989999949932,146162,7304208,,8,244,0.020010656870669618,0.019618086081630844
https://roblox.com/,1144.1839999854565,1380.5949999690056,0,9677127,,0,539,0.0,0.0
https://gmx.net/,11301.123999983072,11621.240000009537,8801805,6064880,,128,638,1.4512743863027793,0.5920489335719429
https://patch.com/,417.74399998784065,520.238999992609,0,5658759,,0,350,0.0,0.0
https://w3school.com.cn/,2048.9379999935627,2270.2419999837875,102015,987050,,5,105,0.10335342687807102,0.09367209487037045
https://xero.com/,1315.1480000019073,2688.223999977112,117831,16282078,,7,488,0.007236852691652748,0.00718485694036473
https://legit.ng/,1375.3260000050068,2554.3370000123978,165365,7553849,,6,1495,0.021891488696689596,0.02142251788847932
https://faradars.org/,7282.439999997616,13141.344999998808,40836,14276775,,5,817,0.0028603098388816804,0.0028521518010232293
https://jkforum.net/,1582.7519999742508,2293.736999988556,1135868,79991108,,28,780,0.014199928322032995,0.01400111351370967
https://ali213.net/,917.0749999880791,7198.055999994278,15785061,6019764,,526,722,2.622205953588878,0.723925140421902
https://canadiantire.ca/,224.6279999911785,219.17899999022484,0,10558,,0,10,0.0,0.0
https://weather.gov/,227.85600000619888,434.0979999899864,0,4695098,,0,280,0.0,0.0
https://fao.org/,696.5600000321865,1559.9189999997616,730165,49939942,,35,1008,0.014620861994593426,0.014410172846092471
https://coolors.co/,681.3730000257492,731.53900000453,40836,12086126,,5,240,0.003378750147069458,0.003367372636279391
https://easyhindityping.com/,403.00300002098083,457.10300001502037,1506428,7471769,,130,1191,0.20161597608277237,0.1677873630975128
https://easyhits4u.com/,364.0880000293255,1029.3770000040531,2189475,12976796,,25,320,0.1687223101912059,0.1443647551860309
https://espn.com.mx/,1192.522000014782,2264.907000005245,2062667,21634338,,54,1259,0.09534227485953117,0.08704336265279093
https://techsmith.com/,477.1259999871254,1498.4729999899864,325722,9957147,,20,603,0.0327123823721795,0.03167617908970736
https://worldofwarcraft.com/,418.0310000181198,1174.5430000126362,682972,22031126,,43,563,0.03100032199897545,0.030068198173662894
https://blackmagicdesign.com/,813.052000015974,833.6690000295639,115431,20360501,,10,470,0.005669359511340118,0.005637399069307322
https://dnaindia.com/,1426.3199999928474,2972.0209999978542,5301963,13783741,,252,2428,0.38465341158107946,0.27779761228613836
https://job592.com/,3933.7780000269413,5609.043000012636,0,1911786,,0,105,0.0,0.0
https://akhbarona.com/,696.2089999914169,1097.6079999804497,3900932,18606620,,251,1936,0.20965290848096,0.17331658280740617
https://nhk.jp/,1218.6570000052452,1625.2959999740124,0,16537787,,0,393,0.0,0.0
https://juspay.in/,223.6119999885559,268.11800000071526,147552,7859161,,50,445,0.018774523132940018,0.018428536154599273
https://galatta.com/,1130.5589999854565,1998.746000021696,18214174,37138429,,1293,3840,0.4904400775810953,0.3290572260892591
https://utexas.edu/,313.56900000572205,1143.6090000271797,40836,13805705,,5,340,0.0029579076186257783,0.002949184204199446
https://fanpage.it/,489.27000001072884,1818.8220000267029,3604941,7189523,,122,971,0.501415879746125,0.3339620197908854
https://oldharper.xyz/,684.9860000014305,684.8120000362396,0,107624,,0,15,0.0,0.0
https://sushi.com/,283.705000013113,358.64500001072884,0,10299876,,0,140,0.0,0.0
https://im.center/,448.8390000164509,535.8950000107288,0,3505869,,0,70,0.0,0.0
https://ucsd.edu/,1069.0389999747276,1508.3939999938011,173985,33275440,,10,315,0.005228631086470983,0.005201434703287127
https://mangarockteam.com/,1711.7859999835491,1741.6110000014305,40836,2744280,,5,249,0.014880405789496698,0.01466222591805871
https://aragontelevision.es/,1264.869000017643,2718.5840000212193,3948803,42362220,,103,869,0.09321520449117161,0.08526702163327292
https://clustrmaps.com/,677.3579999804497,824.4560000002384,72498,12408151,,7,405,0.0058427722228718846,0.005808832537474613
https://tunisia-sat.com/,1509.091999977827,1623.427000015974,0,4545449,,0,239,0.0,0.0
https://rawpixel.com/,214.9970000088215,363.4439999759197,2890,11785688,,3,359,0.00024521266811067797,0.00024515255359891584
https://dudasbecasmec.com/,2218.0629999935627,2560.697999984026,1627520,6733280,,45,553,0.24171280564598532,0.19466079800975983
https://boston.com/,393.8479999899864,880.4620000123978,1948289,13140594,,79,1251,0.1482649110078281,0.1291208235891285
https://msnbc.com/,710.5640000104904,1320.6120000183582,2153642,112704102,,69,2211,0.01910881646526051,0.01875051629083016
https://china.com/,5714.090999990702,6205.035000026226,6717146,25128854,,142,687,0.2673080913280009,0.21092589336180367
https://hometax.go.kr/,4794.255000025034,4793.967000007629,7392,8095809,,12,455,0.0009130650191969697,0.0009122320919843898
https://edraak.org/,1204.0160000026226,1557.9629999995232,1026901,18371510,,26,419,0.055896385218199264,0.0529373771903276
https://dns.la/,2879.4320000112057,3678.173999994993,790081,3422739,,52,290,0.23083296739833215,0.18754207395521288
https://mmybt.com/,3151.3060000240803,8444.083000004292,20349,7553852,,19,687,0.0026938573856093552,0.0026866200144411274
https://codeforces.com/,1277.4060000181198,1477.3230000138283,84672,3539261,,2,494,0.023923638296243197,0.02336467037332092
https://wikiru.jp/,1884.9839999973774,13457.43900001049,70637,20671543,,6,596,0.003417113081495658,0.003405476184277641
https://zeebiz.com/,1504.6960000097752,3134.2699999809265,2543835,13889622,,131,1894,0.18314645279763553,0.15479609676770992
https://aladtec.com/,7727.555000036955,7729.864000022411,146172,9158088,,9,305,0.015960973513248617,0.015710223059114858
https://roblox.com/,706.9900000095367,973.6449999809265,0,11665661,,0,647,0.0,0.0
https://gmx.net/,10347.370999991894,10762.391000002623,10633021,7249925,,155,767,1.4666387583319827,0.5945900077090206
https://patch.com/,353.3550000190735,466.18000000715256,0,6792142,,0,420,0.0,0.0
https://w3school.com.cn/,3627.8499999940395,3837.4299999773502,122418,1184478,,6,126,0.10335185626073258,0.09367080471590701
https://xero.com/,1477.5360000133514,2238.6830000281334,153639,19582444,,9,586,0.007845752041982094,0.007784675408995797
https://legit.ng/,750.7869999706745,1462.1379999816418,185768,8921914,,7,1789,0.020821541207413568,0.020396847408594196
https://faradars.org/,3776.0609999895096,9489.02199998498,61239,17036225,,6,981,0.00359463437469275,0.00358175925973583
https://jkforum.net/,1479.666000008583,2201.7370000183582,1338450,97111490,,33,936,0.013782612129625444,0.013595234288614092
https://ali213.net/,586.3100000321865,6601.638000041246,18420005,7541778,,636,867,2.442395546514363,0.7095046206957357
https://canadiantire.ca/,303.10400000214577,297.63400000333786,0,12666,,0,12,0.0,0.0
https://weather.gov/,272.2780000269413,452.13100001215935,0,5633244,,0,336,0.0,0.0
https://fao.org/,930.0629999935627,1656.0879999995232,965140,60000981,,43,1209,0.016085403670316658,0.015830759513140093
https://coolors.co/,826.800999969244,1190.1689999699593,61239,14502757,,6,288,0.004222576438397196,0.004204821259220341
https://easyhindityping.com/,463.57100000977516,530.1439999938011,1964655,8691714,,161,1450,0.22603769521178446,0.1843643927870741
https://easyhits4u.com/,444.9569999873638,1004.1039999723434,2538534,15526625,,30,384,0.16349554394467566,0.14052098849503622
https://espn.com.mx/,1106.2849999964237,2020.111999988556,2493001,26113242,,67,1547,0.09546884297246584,0.08714884369820951
https://techsmith.com/,235.41299998760223,1336.7719999849796,403296,11902925,,24,723,0.03388209200679665,0.0327717176540223
https://worldofwarcraft.com/,442.27000001072884,1419.2170000076294,874964,26408933,,52,676,0.03313136505742205,0.03206887931001939
https://blackmagicdesign.com/,489.652999997139,860.2710000276566,150753,24433014,,12,564,0.006170053354858308,0.0061322172472591365
https://dnaindia.com/,1585.8560000360012,1837.369000017643,6605804,17336297,,324,2891,0.38103892659430094,0.275907448556833
https://job592.com/,4007.0340000092983,5621.998000025749,0,2294039,,0,126,0.0,0.0
https://akhbarona.com/,696.8549999892712,1253.5069999992847,4857896,22176834,,301,2329,0.21905272862663805,0.1796909382856792
https://nhk.jp/,2211.186999976635,4425.715000003576,0,19485012,,0,473,0.0,0.0
https://juspay.in/,194.39199995994568,332.8929999768734,176905,9440486,,60,534,0.01873897170124504,0.01839428177558758
https://galatta.com/,1156.160000026226,1898.7350000441074,22804660,43786273,,1601,4554,0.5208175630750761,0.3424589350625257
https://utexas.edu/,408.94999998807907,1127.625,61239,16569452,,6,408,0.003695897727939343,0.003682288366731124
https://fanpage.it/,845.0010000169277,2265.5900000333786,4058960,8965910,,134,1168,0.4527103216516784,0.3116315172435502
https://oldharper.xyz/,950.0689999759197,949.8049999773502,0,129153,,0,18,0.0,0.0
https://sushi.com/,283.108000010252,426.75800001621246,0,12359828,,0,168,0.0,0.0
https://im.center/,653.5760000348091,720.3980000317097,0,4206932,,0,84,0.0,0.0
https://ucsd.edu/,1258.0999999940395,1653.736999988556,220719,39930379,,12,378,0.00552759591888672,0.005497209565725948
https://mangarockteam.com/,948.1239999830723,971.3670000135899,61239,3291426,,6,299,0.018605613493968876,0.018265767680337882
https://aragontelevision.es/,1466.6949999928474,3159.582000017166,4176467,50824180,,119,1043,0.08217480341050264,0.07593487036616133
https://clustrmaps.com/,766.8000000119209,856.3249999880791,92901,14896604,,8,486,0.00623638783712046,0.006197736349532556
https://tunisia-sat.com/,1427.1110000014305,1709.8289999961853,0,5459083,,0,287,0.0,0.0
https://rawpixel.com/,238.02899998426437,500.98900002241135,3852,14284809,,4,427,0.0002696570881696773,0.00026958439282729154
https://dudasbecasmec.com/,2114.746999979019,2741.4300000071526,2115965,7936664,,57,663,0.26660634745278367,0.21048871892118967
https://boston.com/,396.8449999690056,990.3989999890327,2410926,15783115,,96,1494,0.15275349637888339,0.1325118482474564
https://msnbc.com/,1016.1899999976158,1654.3840000033379,2617536,138028951,,86,2777,0.018963673787537515,0.018610745677565342
https://china.com/,9880.528000026941,13886.446000009775,6918329,31285837,,149,825,0.22113293628679329,0.18108833994700996
https://hometax.go.kr/,11937.965999990702,11937.773999989033,9241,9806334,,15,557,0.0009423501177912154,0.0009414629300881507
https://edraak.org/,1392.2980000078678,6736.023999989033,1239237,22033419,,32,501,0.05624351808495994,0.053248627917673
https://dns.la/,4362.564999997616,9703.38299998641,1580401,3461000,,105,348,0.45663132042762206,0.31348448576100174
https://mmybt.com/,3507.4839999973774,10065.596000015736,23562,9061211,,22,824,0.002600314682000011,0.0025935705823359593
https://codeforces.com/,1146.41400000453,1363.1950000226498,84672,4264446,,2,593,0.019855334080909923,0.019468775048182185
https://wikiru.jp/,2349.4079999923706,7771.074000000954,91040,24812166,,7,715,0.0036691677784196674,0.0036557542028925914
https://zeebiz.com/,3597.156999975443,5217.891000002623,3102142,16393994,,168,2421,0.1892242976299735,0.15911573452298444
https://aladtec.com/,626.2530000209808,1079.3490000069141,166575,11011966,,10,366,0.015126726689857197,0.014901318517327082
https://roblox.com/,1083.1929999887943,1647.3400000035763,0,13528745,,0,755,0.0,0.0
https://gmx.net/,10864.793000012636,10960.013000011444,12333189,8449268,,179,895,1.4596754417069029,0.5934422960673033
https://patch.com/,364.1429999768734,492.1730000078678,0,7918485,,0,490,0.0,0.0
https://w3school.com.cn/,1674.300000011921,1901.5119999945164,142821,1381882,,7,147,0.10335252937660379,0.09367135763489676
https://xero.com/,1231.7560000121593,3246.826000034809,189447,22839580,,11,684,0.00829467967449489,0.008226443957011297
https://legit.ng/,718.4819999933243,1295.8199999928474,330701,10197412,,9,2097,0.032429894957661805,0.03141123200330392
https://faradars.org/,3960.8849999904633,9307.189999967813,81642,19615197,,7,1146,0.004162180986507553,0.004144929041659934
https://jkforum.net/,1682.4510000050068,4197.604000002146,1541237,112687172,,38,1092,0.01367712910569803,0.013492589220952906
https://ali213.net/,4728.010000020266,5009.2020000219345,22478799,7632537,,759,1011,2.945128074714869,0.7465228045676884
https://canadiantire.ca/,351.1980000138283,345.66600000858307,0,14777,,0,14,0.0,0.0
https://weather.gov/,445.0640000104904,622.9599999785423,0,6569339,,0,392,0.0,0.0
https://fao.org/,739.8830000162125,1901.6620000004768,1090440,70002128,,49,1405,0.015577240737595862,0.015338312156623742
https://coolors.co/,674.3169999718666,708.2709999978542,81642,16917823,,7,336,0.004825798212926096,0.004802621729566195
https://easyhindityping.com/,376.78799998760223,492.0160000026226,2337237,10086056,,186,1665,0.2317295283706535,0.18813345221754008
https://easyhits4u.com/,345.6539999842644,1242.6149999797344,2887747,18077929,,35,448,0.1597388174275936,0.13773688957131647
https://espn.com.mx/,1122.1450000107288,2137.157000005245,2929671,30435647,,79,1800,0.09625788470999154,0.08780587674902424
https://techsmith.com/,515.9760000109673,1680.8120000064373,481073,13849171,,28,845,0.03473659181477361,0.03357046816509195
https://worldofwarcraft.com/,508.8899999856949,1528.1879999935627,1067164,30786068,,61,789,0.03466386158830027,0.03350253437390592
https://blackmagicdesign.com/,540.3880000114441,903.8110000193119,186075,28504944,,14,658,0.006527814964309349,0.006485478957718441
https://dnaindia.com/,1450.5250000059605,1957.5840000212193,8009216,19534949,,391,3527,0.4099942108883929,0.29077722995051763
https://job592.com/,2860.680999994278,4239.786000013351,0,2676405,,0,147,0.0,0.0
https://akhbarona.com/,683.3840000033379,2461.9970000088215,6253671,26811968,,374,2700,0.23324177471791702,0.18912899278916098
https://nhk.jp/,2377.2260000109673,3681.7120000123978,0,22344728,,0,549,0.0,0.0
https://juspay.in/,234.43299996852875,382.24599999189377,205979,11019959,,70,623,0.018691448852032933,0.018348489008223633
https://galatta.com/,998.1939999759197,2631.766999989748,28848566,52578779,,2038,5607,0.5486731823878983,0.354285971131688
https://utexas.edu/,301.6990000009537,1692.108000010252,81642,19333060,,7,476,0.004222921772342299,0.004205163695018342
https://fanpage.it/,522.8680000007153,1870.1709999740124,4511352,10738170,,145,1369,0.42012298184886254,0.2958356334054274
https://oldharper.xyz/,801.9969999790192,801.8289999961853,0,150663,,0,21,0.0,0.0
https://sushi.com/,326.55399999022484,434.0969999730587,0,14419830,,0,196,0.0,0.0
https://im.center/,447.8109999895096,558.7960000038147,0,4907932,,0,98,0.0,0.0
https://ucsd.edu/,1216.3569999933243,1817.9180000126362,267456,46585318,,14,441,0.005741207991753969,0.005708434680943331
https://mangarockteam.com/,1297.8029999732971,1315.7479999959469,81642,3838988,,7,349,0.02126654211995453,0.020823694151195088
https://aragontelevision.es/,1523.180999994278,3508.843000024557,4514569,59273840,,138,1217,0.07616461157232263,0.07077412763187117
https://clustrmaps.com/,765.7820000052452,858.5979999899864,113304,17384783,,9,567,0.006517423887315706,0.0064752221199951745
https://tunisia-sat.com/,1483.6059999763966,1739.6180000007153,0,6381563,,0,338,0.0,0.0
https://rawpixel.com/,238.97899997234344,497.9289999604225,4809,16590624,,5,504,0.0002898625151169721,0.0002897785191865738
https://dudasbecasmec.com/,1981.621000021696,2506.6879999935627,2385460,9354868,,65,774,0.2549966498725583,0.20318512395905805
https://boston.com/,414.1070000231266,857.0760000348091,2703715,17869188,,106,1726,0.1513059798800035,0.13142117084788665
https://msnbc.com/,799.2080000042915,1633.4739999771118,3044050,164606334,,99,3204,0.01849290927042941,0.01815713109252407
https://china.com/,6490.733000010252,7510.723000019789,7121723,36480500,,156,963,0.19521999424349995,0.16333394285883085
https://hometax.go.kr/,6404.733000010252,6404.475999981165,11088,11516936,,18,659,0.0009627560663704305,0.000961830058646651
https://edraak.org/,1298.2549999952316,1671.2639999985695,1437656,25706553,,37,583,0.055925662223169324,0.052963635816390894
https://dns.la/,9672.143999993801,18735.072000026703,1580401,4306999,,105,406,0.36693786090964964,0.26843785032442163
https://mmybt.com/,3388.264000028372,7836.386999994516,27846,10466901,,26,961,0.0026603862977207867,0.002653327421804451
https://codeforces.com/,1039.833999991417,1251.3360000252724,167620,4906754,,3,692,0.034161076752574106,0.03303264599731908
https://wikiru.jp/,2087.5230000019073,7092.47800001502,111443,28952226,,8,834,0.0038492031666235264,0.0038344436141218097
https://zeebiz.com/,2546.1429999768734,4153.828999996185,3779563,18777183,,193,2805,0.2012848785677809,0.1675579890822905
https://aladtec.com/,652.2969999909401,1092.7159999907017,213312,12839513,,12,427,0.01661371424290002,0.01634220944508181
https://roblox.com/,744.2090000212193,961.6950000226498,0,15549772,,0,863,0.0,0.0
https://gmx.net/,10773.164999991655,11128.997999995947,14014462,9622478,,201,1018,1.4564296223904072,0.5929050883913062
https://patch.com/,337.83899998664856,440.9109999835491,0,9052078,,0,560,0.0,0.0
https://w3school.com.cn/,2194.4560000002384,2419.9670000076294,163224,1579289,,8,168,0.10335283789097499,0.09367161105828192
https://xero.com/,1485.5439999997616,2320.6089999973774,225255,26095851,,13,782,0.00863183193374303,0.008557961052244538
https://legit.ng/,657.1340000033379,1444.9580000042915,351104,11573722,,10,2405,0.030336308406232672,0.029443113048358106
https://faradars.org/,3475.4950000345707,8966.977000027895,102045,22234923,,8,1309,0.004589401996130142,0.004568435608628709
https://jkforum.net/,1729.0129999816418,3583.9320000112057,1743437,128365032,,43,1253,0.013581868619796706,0.013399873301099255
https://ali213.net/,1983.6100000143051,3459.8940000236034,26427691,7841720,,887,1156,3.370139586723321,0.771174357213201
https://canadiantire.ca/,193.43000000715256,187.3440000116825,0,16893,,0,16,0.0,0.0
https://weather.gov/,315.13499999046326,462.04299998283386,0,7505202,,0,448,0.0,0.0
https://fao.org/,738.0469999909401,1560.5819999873638,1359368,80134737,,59,1620,0.01696352981104811,0.016680568490199384
https://coolors.co/,744.0270000100136,803.1169999837875,102045,19333071,,8,384,0.005278261275717655,0.005250547514097678
https://easyhindityping.com/,1286.080000013113,2533.3980000019073,2629421,11432553,,208,1871,0.22999421039202705,0.1869880430727578
https://easyhits4u.com/,350.1170000433922,965.4930000007153,3236960,20630106,,40,512,0.15690467126053545,0.13562454639376284
https://espn.com.mx/,1009.3339999616146,2016.005999982357,3353379,34884398,,92,2059,0.0961283322131573,0.08769806361912723
https://techsmith.com/,434.5149999856949,1476.930999994278,558263,15792251,,32,965,0.03535043864234427,0.034143452615618075
https://worldofwarcraft.com/,477.6720000207424,1077.035000026226,1258860,35158652,,70,903,0.035805126999749595,0.03456743557879517
https://blackmagicdesign.com/,446.2319999933243,809.6870000064373,221397,32577099,,16,752,0.00679609316962201,0.006750218058779281
https://dnaindia.com/,1472.2870000302792,2004.2939999997616,10295364,23800247,,462,4161,0.4325738300110919,0.30195569746499046
https://job592.com/,3594.859999984503,5323.645999997854,0,3058778,,0,168,0.0,0.0
https://akhbarona.com/,695.4050000011921,6659.454999983311,7579157,30084713,,438,3048,0.251927183084645,0.20123149851568625
https://nhk.jp/,1131.2349999845028,2699.5740000009537,0,25897211,,0,629,0.0,0.0
https://juspay.in/,232.25699999928474,284.2930000126362,235042,12599385,,80,712,0.018655037527625356,0.01831340035671246
https://galatta.com/,1030.3859999775887,1915.3720000088215,32613294,57310301,,2302,6368,0.5690651319384974,0.362677826659399
https://utexas.edu/,294.63199999928474,1034.7420000135899,102045,22096691,,8,544,0.004618112277535129,0.004596883354079259
https://fanpage.it/,466.78900000452995,2025.5340000092983,4965693,12427209,,157,1561,0.39958231973084224,0.28550111993961674
https://oldharper.xyz/,1018.561999976635,1018.3969999849796,0,172186,,0,24,0.0,0.0
https://sushi.com/,314.9670000076294,334.5329999923706,0,16479822,,0,224,0.0,0.0
https://im.center/,418.1399999856949,654.466000020504,0,5608951,,0,112,0.0,0.0
https://ucsd.edu/,1085.4659999907017,1491.6410000026226,314189,53240322,,16,504,0.005901335457738216,0.005866714010328654
https://mangarockteam.com/,1016.2520000040531,1608.302000015974,102045,4386241,,8,399,0.023264795527651125,0.022735850612015367
https://aragontelevision.es/,1258.6970000267029,2976.3140000104904,4768237,67876371,,152,1424,0.07024884992746593,0.06563786537329791
https://clustrmaps.com/,777.9079999923706,978.2820000052452,149562,19855923,,11,648,0.007532362006037191,0.007476049693371593
https://tunisia-sat.com/,1370.4720000326633,1691.166000008583,0,7291036,,0,387,0.0,0.0
https://rawpixel.com/,256.2360000014305,425.705000013113,5772,19078404,,6,575,0.0003025410301616425,0.00030244952677024146
https://dudasbecasmec.com/,2271.9560000300407,2633.5790000259876,2876037,10558947,,77,884,0.2723791491708406,0.2140707424735303
https://boston.com/,358.0430000126362,818.3810000121593,3236037,21349791,,137,2088,0.15157230344784173,0.1316220466522421
https://msnbc.com/,685.4930000007153,1297.9059999883175,3507819,189797532,,114,3565,0.018481899964853072,0.01814651783747052
https://china.com/,6210.246999979019,10201.905000001192,7324451,41675139,,163,1101,0.1757510874768768,0.14947984258643796
https://hometax.go.kr/,9028.082000017166,9027.916000008583,12935,13227462,,21,761,0.0009778897871715677,0.0009769344529472945
https://edraak.org/,1083.0260000228882,1415.0180000066757,1636073,29383405,,42,665,0.05568017049079234,0.05274340851254815
https://dns.la/,9748.390000015497,18256.67499998212,1580401,5025026,,105,464,0.31450603439663793,0.23925796167303037
https://mmybt.com/,3884.6010000109673,10803.316000014544,31059,11836065,,29,1099,0.0026240984651571277,0.0026172305943714756
https://codeforces.com/,1297.2350000143051,1582.2060000002384,167620,5632105,,3,791,0.029761519005771377,0.02890137032359293
https://wikiru.jp/,1990.858000010252,7115.506999999285,131846,33092446,,9,953,0.003984172097765151,0.003968361462751411
https://zeebiz.com/,2486.791000008583,11046.838000029325,4479993,20974088,,230,3320,0.213596557809808,0.17600293642500783
https://aladtec.com/,637.2590000033379,1073.3319999873638,260045,14667863,,14,489,0.017728894795376805,0.017420056447293216
https://roblox.com/,1113.4610000252724,1517.7520000040531,0,17570861,,0,971,0.0,0.0
https://gmx.net/,10272.050999999046,10736.923000007868,15772917,10795143,,225,1141,1.4611123724808464,0.5936796664867514
https://patch.com/,354.66799998283386,484.4239999949932,0,10185211,,0,630,0.0,0.0
https://w3school.com.cn/,1946.1270000040531,2172.3180000185966,183627,1776716,,9,189,0.10335191443089385,0.0936708524987719
https://xero.com/,1196.5499999821186,2779.311999976635,261063,29352892,,15,881,0.008893944760196032,0.008815539835864545
https://legit.ng/,635.5999999642372,1550.9000000059605,496037,12834809,,12,2699,0.03864778977232929,0.037209716472607963
https://faradars.org/,5308.669000029564,12921.325000017881,122448,24828048,,9,1472,0.0049318416010795535,0.004907637908280461
https://jkforum.net/,1990.2189999818802,3154.0739999711514,1945652,144404762,,48,1409,0.013473599991113866,0.01329447554552186
https://ali213.net/,2300.417000025511,18059.444000005722,29619679,8907614,,1013,1301,3.325209085171405,0.768797304290234
https://canadiantire.ca/,190.4230000078678,184.39900001883507,0,19002,,0,18,0.0,0.0
https://weather.gov/,241.9379999935627,422.7150000035763,0,8440336,,0,504,0.0,0.0
https://fao.org/,740.2079999744892,1626.1269999742508,1531866,90182900,,66,1819,0.016986213572639602,0.016702501318053845
https://coolors.co/,806.9530000090599,852.8070000112057,122448,21752702,,9,432,0.005629093801772304,0.005597584473706466
https://easyhindityping.com/,1065.0929999947548,2230.4439999759197,2840598,12808078,,225,2067,0.22178175367139394,0.18152321640501726
https://easyhits4u.com/,345.47800001502037,920.1119999885559,3586173,23180078,,45,576,0.15470927233290588,0.1339811466312559
https://espn.com.mx/,1033.6400000154972,1961.8400000035763,3783570,39308881,,105,2343,0.09625229474224921,0.08780122532366516
https://techsmith.com/,536.8600000143051,889.3140000104904,636349,17738067,,37,1084,0.035874765835533264,0.034632338791066884
https://worldofwarcraft.com/,425.91000002622604,1610.0920000076294,1450488,39529988,,79,1021,0.03669335796408539,0.03539461083858567
https://blackmagicdesign.com/,490.8599999845028,840.6329999864101,256719,36649357,,18,846,0.007004734080327794,0.006956009086417098
https://dnaindia.com/,1667.979000031948,2039.4020000100136,11350811,27423396,,511,4585,0.4139097506377401,0.2927412803052297
https://job592.com/,2835.005999982357,4294.766999989748,0,3441141,,0,189,0.0,0.0
https://akhbarona.com/,769.8409999907017,1213.194000005722,8585920,33441327,,499,3482,0.2567457924142783,0.20429413327977441
https://nhk.jp/,1331.3209999799728,2319.3510000109673,0,28934172,,0,709,0.0,0.0
https://juspay.in/,163.40299999713898,303.5609999895096,264097,14178869,,90,801,0.018626097751520236,0.018285510053821355
https://galatta.com/,1103.611999988556,2010.2529999911785,37564228,67487865,,2665,7503,0.5566071470774783,0.3575771498431735
https://utexas.edu/,371.8779999911785,1438.5499999821186,122448,24857089,,9,612,0.004926079638689792,0.004901932329650465
https://fanpage.it/,578.3770000040531,1901.824999988079,5420541,14261362,,169,1763,0.3800857870377317,0.2754073627941363
https://oldharper.xyz/,833.9740000069141,833.8140000104904,0,193717,,0,27,0.0,0.0
https://sushi.com/,278.41699999570847,358.0819999873638,0,18539763,,0,252,0.0,0.0
https://im.center/,373.57299998402596,454.5789999961853,0,6309984,,0,126,0.0,0.0
https://ucsd.edu/,1112.4620000422,1541.6040000021458,360926,59895183,,18,567,0.006025960384827608,0.005989865691460429
https://mangarockteam.com/,947.8159999847412,1526.9469999670982,122448,4933648,,9,449,0.024818957493522035,0.024217894596938034
https://aragontelevision.es/,1446.0170000195503,3290.57800000906,5101241,76346315,,173,1598,0.06681712142884697,0.06263221698144018
https://clustrmaps.com/,680.9510000348091,824.3890000283718,169965,22344267,,12,729,0.007606649168665949,0.007549224863632923
https://tunisia-sat.com/,1373.3009999990463,1751.447999984026,0,8196705,,0,435,0.0,0.0
https://rawpixel.com/,272.64500001072884,388.17899999022484,5772,21611004,,6,643,0.000267086156663522,0.0002670148406959484
https://dudasbecasmec.com/,2206.9070000350475,2675.194000005722,3145532,11984426,,85,995,0.2624683067841547,0.20790090759009378
https://boston.com/,532.7060000300407,1331.130000025034,3554571,23874854,,149,2258,0.14888346542349537,0.129589701570485
https://msnbc.com/,816.0539999902248,1677.2350000143051,3897120,215873394,,126,3882,0.018052803672508156,0.01773267909816146
https://china.com/,5256.2750000059605,5752.023999989033,7527709,48927728,,170,1239,0.15385363898360455,0.1333389554667693
https://hometax.go.kr/,13919.252000004053,13918.974000006914,14784,14938796,,24,863,0.0009896379868899743,0.0009886595718215973
https://edraak.org/,1101.4399999976158,1612.938999980688,1842021,33055288,,47,749,0.055725456090414335,0.05278404131390188
https://dns.la/,7375.816999971867,17580.433999985456,1580401,5743080,,105,522,0.2751835252164344,0.21579915343536768
https://mmybt.com/,3943.1949999928474,10254.680999994278,35343,13437335,,33,1236,0.0026302090407063603,0.0026233091891604624
https://codeforces.com/,783.4620000123978,1023.7969999909401,167620,6355691,,3,890,0.026373214179229294,0.025695540194235717
https://wikiru.jp/,2204.933999955654,8682.17199999094,152249,37232522,,10,1072,0.004089140133993609,0.00407248716328903
https://zeebiz.com/,2044.527999997139,4086.75,5131110,23963275,,257,3713,0.214123904182546,0.17636083388598867
https://aladtec.com/,669.283999979496,1106.6819999814034,306782,16495385,,16,550,0.01859805030316055,0.018258478207007465
